11
mit7pu,Felstead,Hendrik,2438 Norway Maple Lane,Lakehaven,OR,54164,AL,hfelstead0@oaic.gov.au
ap12yq,Sollitt,Judd,5 Fair Oaks Hill,Courdale,UT,11348,BT,jsollitt1@telegraph.co.uk,bfalkous1o@altervista.org
x9hr16,Bercher,Gardiner,6 Loftsgordon Street,Dorland,TT,92587,WY,gbercher2@theglobeandmail.com
xicd8p,Chamberlaine,Wendie,19428 Sherman Avenue,Clearford,KN,70291,PM,wchamberlaine3@imageshack.us,slevi8@discuz.net,fburhouse1r@cdbaby.com
qc6uid,Squibbs,Clemmie,65 High Crossing Court,Rosville,FM,17477,RO,csquibbs4@psu.edu
b284fm,Curston,Julianna,9 Ridgeview Parkway,Bidborn,GI,41438,MQ,jcurston5@nasa.gov,llabrom1q@ihg.com
t3liq2,Pavia,Clim,233 Dwight Park,Valbury,FR,66200,GP,cpavia6@ask.com
zx0r6a,Levi,Steve,60 Armistice Lane,Rockmary,OK,64429,AS
x3mi36,Lowdwell,Bondie,51325 Oakridge Plaza,Arlington,NM,15967,SC,blowdwella@who.int
2v5f6t,Papps,Theodore,5976 Del Mar Center,Benling Grove,FL,81257,KT,tpappsc@reference.com
jf62we,Artois,Danni,8641 Melvin Park,North Sudton,GU,22777,CR,dartoisd@facebook.com,nvassman1p@paypal.com